feature,coefficient,odds_ratio,absolute_coefficient
time_in_hospital,0.01874353681437753,1.018920299559714,0.01874353681437753
num_lab_procedures,0.009212957905857936,1.0092555278337665,0.009212957905857936
num_procedures,-0.027268080891549612,0.9731003369482374,0.027268080891549612
num_medications,0.0385388611355114,1.039291115606111,0.0385388611355114
number_outpatient,-0.003949768178627277,0.9960580218960006,0.003949768178627277
number_emergency,0.03381537537733064,1.0343936145669514,0.03381537537733064
number_inpatient,0.324088027614228,1.382769023620372,0.324088027614228
number_diagnoses,0.09433332242065079,1.0989259815447945,0.09433332242065079
race_AfricanAmerican,0.009524447533609901,1.0095699494294286,0.009524447533609901
race_Asian,0.029422340104820754,1.0298594535890244,0.029422340104820754
race_Caucasian,-0.02487956744254236,0.9754273781685839,0.02487956744254236
race_Hispanic,0.00999094980564423,1.0100410259752113,0.00999094980564423
race_Missing,-0.13958316076657004,0.8697206935573677,0.13958316076657004
race_Other,-0.1338137808390914,0.8747529451965765,0.1338137808390914
gender_Female,-0.1419628463043761,0.8676534924208327,0.1419628463043761
gender_Male,-0.10737592527921076,0.8981879579575948,0.10737592527921076
age_[0-10),-1.23874166112646,0.2897485905539057,1.23874166112646
age_[10-20),-0.281643379310157,0.7545427221041283,0.281643379310157
age_[20-30),0.2112123768894096,1.2351746497577358,0.2112123768894096
age_[30-40),0.16635836881522872,1.180996258125532,0.16635836881522872
age_[40-50),0.13608117213342816,1.1457748948128974,0.13608117213342816
age_[50-60),0.014984075413047266,1.0150968994881664,0.014984075413047266
age_[60-70),0.17986803988073924,1.1970593885991891,0.17986803988073924
age_[70-80),0.22979755298861554,1.2583452359089289,0.22979755298861554
age_[80-90),0.21362589416222785,1.2381593654925165,0.21362589416222785
age_[90-100),0.11911878855387784,1.126503726089338,0.11911878855387784
max_glu_serum_>200,0.008750580925652203,1.0087889791795417,0.008750580925652203
max_glu_serum_>300,-0.0035504161439193728,0.9964558791309924,0.0035504161439193728
max_glu_serum_Missing,-0.2158704269990432,0.8058397101786229,0.2158704269990432
max_glu_serum_Norm,-0.03866850938228885,0.9620695733303486,0.03866850938228885
A1Cresult_>7,-0.08082991853115176,0.9223505528414419,0.08082991853115176
A1Cresult_>8,-0.11697748764669123,0.8896052200450033,0.11697748764669123
A1Cresult_Missing,0.028331918613941548,1.0287370847470088,0.028331918613941548
A1Cresult_Norm,-0.07986328402528241,0.9232425597652058,0.07986328402528241
metformin_Down,0.19788572797594756,1.2188231084800174,0.19788572797594756
metformin_No,-0.015687870036784145,0.98443454362384,0.015687870036784145
metformin_Steady,-0.12522454370971844,0.8822987657023018,0.12522454370971844
metformin_Up,-0.30631208585252784,0.7361568394675839,0.30631208585252784
repaglinide_Down,-0.6129213709878558,0.5417658559423114,0.6129213709878558
repaglinide_No,0.007047643362234128,1.0070725364455446,0.007047643362234128
repaglinide_Steady,0.026523252802974854,1.0268781247787861,0.026523252802974854
repaglinide_Up,0.33001170320689655,1.3909844073468316,0.33001170320689655
nateglinide_Down,-0.02639754308954309,0.9739478264089807,0.02639754308954309
nateglinide_No,0.001357334884205117,1.0013582564801233,0.001357334884205117
nateglinide_Steady,0.15515501448127691,1.1678389790281118,0.15515501448127691
nateglinide_Up,-0.37945357790442014,0.684235188307942,0.37945357790442014
chlorpropamide_Down,-0.06281264558670502,0.9391194053730375,0.06281264558670502
chlorpropamide_No,0.2524413675202461,1.2871640243236704,0.2524413675202461
chlorpropamide_Steady,-0.1485598853768656,0.8619483875208577,0.1485598853768656
chlorpropamide_Up,-0.2904076081860198,0.7479586313745883,0.2904076081860198
glimepiride_Down,0.05288954746528764,1.0543131871240354,0.05288954746528764
glimepiride_No,-0.05993096620299246,0.941829549410008,0.05993096620299246
glimepiride_Steady,-0.20472741226168562,0.814869409549477,0.20472741226168562
glimepiride_Up,-0.037569940614357415,0.9631270536672698,0.037569940614357415
acetohexamide_No,-0.03824262004215337,0.9624793957694082,0.03824262004215337
acetohexamide_Steady,-0.21109615158612388,0.809696209563456,0.21109615158612388
glipizide_Down,0.08958215002047523,1.0937171785105166,0.08958215002047523
glipizide_No,-0.14958828462085996,0.8610624160950253,0.14958828462085996
glipizide_Steady,-0.15504548735136064,0.8563762223115152,0.15504548735136064
glipizide_Up,-0.03428714963403569,0.966293993829151,0.03428714963403569
glyburide_Down,-0.20256168812506736,0.816636104294119,0.20256168812506736
glyburide_No,0.01177545226700621,1.0118450558412722,0.01177545226700621
glyburide_Steady,-0.03678611142979374,0.9638822767046392,0.03678611142979374
glyburide_Up,-0.021766424321222933,0.9784687548654156,0.021766424321222933
tolbutamide_No,0.04978199426577484,1.0510419382285916,0.04978199426577484
tolbutamide_Steady,-0.299120765894955,0.7414698597566501,0.299120765894955
pioglitazone_Down,0.20349656746761166,1.2256809504444262,0.20349656746761166
pioglitazone_No,-0.13062781093049183,0.8775443260239548,0.13062781093049183
pioglitazone_Steady,-0.19974195450151866,0.8189420501242352,0.19974195450151866
pioglitazone_Up,-0.12246557364979288,0.8847363626630685,0.12246557364979288
rosiglitazone_Down,-0.3738334326275186,0.6880915158798935,0.3738334326275186
rosiglitazone_No,0.05811804945992773,1.0598401018774208,0.05811804945992773
rosiglitazone_Steady,-0.009326296291344243,0.9907170587246527,0.009326296291344243
rosiglitazone_Up,0.07570290784553001,1.0786420704534603,0.07570290784553001
acarbose_No,-0.16366377841674157,0.8490274352449593,0.16366377841674157
acarbose_Steady,-0.528122167623224,0.5897113095828918,0.528122167623224
acarbose_Up,0.44244717441163706,1.5565116169999529,0.44244717441163706
miglitol_No,0.12222340653856983,1.1300065244290176,0.12222340653856983
miglitol_Steady,-0.3715621781677957,0.6896561229418188,0.3715621781677957
troglitazone_No,0.024879782334553294,1.0251918669430695,0.024879782334553294
troglitazone_Steady,-0.2742185539631531,0.7601659198301467,0.2742185539631531
tolazamide_No,0.09162676471216905,1.0959556963957007,0.09162676471216905
tolazamide_Steady,-0.2310140958191844,0.7937282777061045,0.2310140958191844
tolazamide_Up,-0.10995144052181222,0.8958776375908969,0.10995144052181222
examide_No,-0.24933877162862494,0.7793159185371442,0.24933877162862494
citoglipton_No,-0.24933877162862494,0.7793159185371442,0.24933877162862494
insulin_Down,0.03502638173483711,1.0356470306045695,0.03502638173483711
insulin_No,-0.10889482110377266,0.8968247395740203,0.10889482110377266
insulin_Steady,-0.11496109160201734,0.8914008262102188,0.11496109160201734
insulin_Up,-0.06050924061334396,0.941285070926831,0.06050924061334396
glyburide-metformin_Down,0.17282794083094763,1.1886615673666763,0.17282794083094763
glyburide-metformin_No,-0.11886785680481209,0.8879251262731688,0.11886785680481209
glyburide-metformin_Steady,0.04128340569541978,1.0421474142100784,0.04128340569541978
glyburide-metformin_Up,-0.34458226135318143,0.7085162662827132,0.34458226135318143
glipizide-metformin_No,-0.02573259611429076,0.9745956654356351,0.02573259611429076
glipizide-metformin_Steady,-0.2236061755145187,0.7996299862350131,0.2236061755145187
glimepiride-pioglitazone_No,-0.1263399050273611,0.8813152323879025,0.1263399050273611
glimepiride-pioglitazone_Steady,-0.12299886660115489,0.8842646647848027,0.12299886660115489
metformin-rosiglitazone_No,-0.06881419249449627,0.9335001152927307,0.06881419249449627
metformin-rosiglitazone_Steady,-0.18052457913410408,0.8348321609931268,0.18052457913410408
metformin-pioglitazone_No,-0.14381537416667042,0.8660476280647958,0.14381537416667042
metformin-pioglitazone_Steady,-0.10552339746196698,0.8998534183143422,0.10552339746196698
medication_change_Ch,-0.1438252255348141,0.8660390963528064,0.1438252255348141
medication_change_No,-0.10551354605343216,0.8998622831816531,0.10551354605343216
diabetes_medication_No,-0.23183329728469204,0.7930783205970493,0.23183329728469204
diabetes_medication_Yes,-0.017505474316689033,0.982646856330264,0.017505474316689033
diag_1_group_Circulatory,0.06145435002681038,1.0633819520631793,0.06145435002681038
diag_1_group_Diabetes,0.13837564346731412,1.1484068607946933,0.13837564346731412
diag_1_group_Digestive,-0.0625280178499827,0.9393867428479262,0.0625280178499827
diag_1_group_Genitourinary,-0.06653421425147264,0.9356309033976783,0.06653421425147264
diag_1_group_Injury,-0.08738254893619288,0.9163264888517868,0.08738254893619288
diag_1_group_Missing,0.152862720507718,1.1651650147014412,0.152862720507718
diag_1_group_Musculoskeletal,-0.20456075847200897,0.8150052219411804,0.20456075847200897
diag_1_group_Neoplasms,-0.06186700469134704,0.9400078951182916,0.06186700469134704
diag_1_group_Other,0.021486963413561228,1.0217194705163661,0.021486963413561228
diag_1_group_Respiratory,-0.14064590482144554,0.8687968940290626,0.14064590482144554
diag_2_group_Circulatory,-0.1143728720335303,0.8919253198631533,0.1143728720335303
diag_2_group_Diabetes,0.05277601080804788,1.0541934907241788,0.05277601080804788
diag_2_group_Digestive,-0.004013615154231461,0.9959944286339166,0.004013615154231461
diag_2_group_Genitourinary,-0.11929200392912276,0.8875485952421787,0.11929200392912276
diag_2_group_Injury,-0.08878123687281597,0.9150457299456363,0.08878123687281597
diag_2_group_Missing,0.14297008704228087,1.1536952907113989,0.14297008704228087
diag_2_group_Musculoskeletal,-0.12526390016631153,0.8822640422325282,0.12526390016631153
diag_2_group_Neoplasms,0.2858229985758009,1.3308568708419746,0.2858229985758009
diag_2_group_Other,-0.11064257541793139,0.8952586792094114,0.11064257541793139
diag_2_group_Respiratory,-0.16854166445398355,0.8448960605525516,0.16854166445398355
diag_3_group_Circulatory,-0.048996167638307164,0.9521847788079832,0.048996167638307164
diag_3_group_Diabetes,0.02801379253084059,1.028409868698437,0.02801379253084059
diag_3_group_Digestive,0.01697834191555513,1.0171232931445129,0.01697834191555513
diag_3_group_Genitourinary,0.08494671794957956,1.0886590591661511,0.08494671794957956
diag_3_group_Injury,-0.05028013544155388,0.9509629887466536,0.05028013544155388
diag_3_group_Missing,-0.30206551444176855,0.7392896291555697,0.30206551444176855
diag_3_group_Musculoskeletal,-0.057231779361872646,0.9443751573265234,0.057231779361872646
diag_3_group_Neoplasms,0.11394222441622645,1.120687374646382,0.11394222441622645
diag_3_group_Other,-0.07404648872253783,0.9286285220840912,0.07404648872253783
diag_3_group_Respiratory,0.03940023718449713,1.0401867217524838,0.03940023718449713
admission_type_Elective,-0.016626799959530234,0.9835106623715968,0.016626799959530234
admission_type_Emergency,0.0978426976784236,1.102789300146949,0.0978426976784236
admission_type_Missing,0.21245070221298168,1.2367051452356408,0.21245070221298168
admission_type_Newborn,0.18456124967026993,1.2026906434343054,0.18456124967026993
admission_type_Not Available,-0.09480724771048644,0.9095482350776259,0.09480724771048644
admission_type_Not Mapped,0.0014356291174463087,1.0014366601262508,0.0014356291174463087
admission_type_Trauma Center,-0.6872557997758619,0.5029543845490718,0.6872557997758619
admission_type_Urgent,0.05306079717328538,1.0544937534099892,0.05306079717328538
discharge_disposition_Admitted as an inpatient to this hospital,0.8429033042035454,2.323101866748113,0.8429033042035454
discharge_disposition_Discharged to home,-0.5608109689312109,0.570746018827748,0.5608109689312109
discharge_disposition_Discharged/transferred to ICF,-0.29110849848911996,0.7474345780961217,0.29110849848911996
discharge_disposition_Discharged/transferred to SNF,-0.13763858126218886,0.8714135800353144,0.13763858126218886
discharge_disposition_Discharged/transferred to a federal health care facility.,-0.3655208765573618,0.6938351542720644,0.3655208765573618
discharge_disposition_Discharged/transferred to a long term care hospital.,-0.9937183478866636,0.37019760516768563,0.9937183478866636
discharge_disposition_Discharged/transferred to a nursing facility certified under Medicaid but not certified under Medicare.,0.053905991486588624,1.0553853822805324,0.053905991486588624
discharge_disposition_Discharged/transferred to another rehab fac including rehab units of a hospital .,0.7371465323265693,2.089963354992447,0.7371465323265693
discharge_disposition_Discharged/transferred to another short term hospital,0.047573178068281104,1.0487229418324278,0.047573178068281104
discharge_disposition_Discharged/transferred to another type of inpatient care institution,0.3621466247245713,1.436409539673685,0.3621466247245713
discharge_disposition_Discharged/transferred to home under care of Home IV provider,-0.10664425318825288,0.8988453774973026,0.10664425318825288
discharge_disposition_Discharged/transferred to home with home health service,-0.3880837008243361,0.6783555619680869,0.3880837008243361
discharge_disposition_Discharged/transferred within this institution to Medicare approved swing bed,1.1823122424256367,3.261907811398582,1.1823122424256367
discharge_disposition_Discharged/transferred/referred another institution for outpatient services,-0.6354112993795848,0.5297175709977048,0.6354112993795848
discharge_disposition_Discharged/transferred/referred to a psychiatric hospital of psychiatric distinct part unit of a hospital,1.1045055237477008,3.0177319030559544,1.1045055237477008
discharge_disposition_Discharged/transferred/referred to this institution for outpatient services,-0.7814769866165663,0.457729451519439,0.7814769866165663
discharge_disposition_Left AMA,-0.1236470466833727,0.8836916877578892,0.1236470466833727
discharge_disposition_Missing,-0.18043207990121335,0.8349093858991784,0.18043207990121335
discharge_disposition_Neonate discharged to another hospital for neonatal aftercare,-0.6110208358520445,0.5427964800453519,0.6110208358520445
discharge_disposition_Not Mapped,-0.6822849373678596,0.505460725769983,0.6822849373678596
discharge_disposition_Still patient or expected to return for outpatient services,1.2779662443644475,3.5893324723607147,1.2779662443644475
admission_source_Clinic Referral,-0.0713590510531221,0.9311275097880385,0.0713590510531221
admission_source_Court/Law Enforcement,0.174366361666197,1.1904916364352247,0.174366361666197
admission_source_Emergency Room,-0.03793747885714469,0.962773132686116,0.03793747885714469
admission_source_Extramural Birth,-0.14709297793580273,0.8632137138557362,0.14709297793580273
admission_source_HMO Referral,0.16598063737847038,1.1805502429544228,0.16598063737847038
admission_source_Missing,-0.16948571440358867,0.8440988128492034,0.16948571440358867
admission_source_Normal Delivery,-0.07928059352739397,0.9237806811959237,0.07928059352739397
admission_source_Not Available,0.20848341787303806,1.2318085038865834,0.20848341787303806
admission_source_Not Mapped,0.4735097805769407,1.6056196881114582,0.4735097805769407
admission_source_Physician Referral,0.04965703626803601,1.050910610337857,0.04965703626803601
admission_source_Sick Baby,-0.07012003319837219,0.9322819084102842,0.07012003319837219
admission_source_Transfer from Ambulatory Surgery Center,-0.1346456717910443,0.8740255487354897,0.1346456717910443
admission_source_Transfer from a Skilled Nursing Facility (SNF),-0.2494816150840217,0.7792046063087956,0.2494816150840217
admission_source_Transfer from a hospital,-0.059355706958662366,0.942371501431399,0.059355706958662366
admission_source_Transfer from another health care facility,-0.0031320877225781384,0.9968728121472306,0.0031320877225781384
admission_source_Transfer from critial access hospital,-0.4638078570871707,0.6288843785353071,0.4638078570871707
admission_source_Transfer from hospital inpt/same fac reslt in a sep claim,0.16436278224813325,1.1786418278730693,0.16436278224813325
